# case	expected stdout (trimmed, newlines as spaces)	status
hello	hello from aoughwl	ok
shapes	triangle has 3 sides square has 4 sides	ok
fib30	fib(30) = 832040	ok
sum_loop	499999500000	ok
distinct_op	7	ok
openarray_slice	15 9	ok
tables	2 11 false	ok
options	true	ok
split	3	ok
sets	3 true	ok
undeclared	semantic error: 2:6 undeclared identifier `undefinedThing`	error
strutils_mix	HELLO x ababab 2 a+b+c	ok
closure_counter	3	ok
object_variant	int 7; str x	ok
method_dispatch	7	ok
raises_errorcode	10 caught ValueError	ok
sequtils_templates	3 25 15	known-bad
